clonotype_id,frequency,proportion,cdr3s_aa,cdr3s_nt
clonotype1,2,0.0240963855422,IGH:CARDELDILTGYNIPTFGGCVYW;IGK:CQQYYSYPWTF,IGH:TGTGCGAGAGATGAGTTAGATATTTTGACTGGTTACAATATCCCAACCTTTGGGGGTTGTGTCTACTGG;IGK:TGTCAACAGTATTATAGTTACCCGTGGACGTTC
clonotype51,1,0.0120481927711,IGH:CARGYATALSRTDYW;IGL:CSSYTSSSTLVVF,IGH:TGTGCGAGGGGTTACGCTACCGCCCTCTCACGCACCGACTACTGG;IGL:TGCAGCTCATATACAAGCAGCAGCACTCTCGTGGTATTC
clonotype27,1,0.0120481927711,IGK:CQQSYRTPFTF,IGK:TGTCAACAGAGTTACAGAACCCCGTTCACTTTT
clonotype44,1,0.0120481927711,IGL:CQSADSSGTSWVF,IGL:TGTCAATCAGCAGACAGCAGTGGTACTTCATGGGTGTTC
clonotype55,1,0.0120481927711,IGH:CAKVFSSSWGDYW;IGK:CQQSYSTPITF,IGH:TGTGCGAAGGTGTTTAGCAGCAGCTGGGGTGACTACTGG;IGK:TGTCAACAGAGTTACAGTACCCCCATCACCTTC
clonotype23,1,0.0120481927711,IGH:CARDVCRGHYGDCLWGYW;IGK:CQQYYSYPITF,IGH:TGTGCGAGAGATGTTTGTCGGGGACACTACGGTGACTGCCTGTGGGGATACTGG;IGK:TGTCAACAGTATTATAGTTACCCTATCACCTTC
clonotype65,1,0.0120481927711,IGH:CAKSGPPLEWFFLGYYYGMDVW;IGL:CNSRDSSGNHVVF,IGH:TGTGCGAAATCCGGACCCCCTTTGGAGTGGTTCTTTTTGGGGTACTACTACGGTATGGACGTCTGG;IGL:TGTAACTCCCGGGACAGCAGTGGTAACCATGTGGTATTC
clonotype75,1,0.0120481927711,IGH:CTRVVTMIVVAQGGFDYW;IGL:CAAWDDSLSAVVF,IGH:TGTACTAGAGTGGTTACTATGATAGTAGTGGCCCAGGGAGGGTTTGACTACTGG;IGL:TGTGCAGCATGGGATGACAGCCTGAGTGCTGTGGTATTC
clonotype68,1,0.0120481927711,IGH:CARDLRPVAGTADYLDYW;IGK:CQQYHYWPRTF,IGH:TGTGCGAGAGATCTTCGGCCGGTGGCTGGTACGGCGGACTACCTCGACTACTGG;IGK:TGTCAGCAGTATCATTACTGGCCTCGGACATTC
clonotype69,1,0.0120481927711,IGH:CARGVTIFGVVIMGGMDVW;IGK:CQQSYSTPYTF,IGH:TGTGCGAGAGGGGTTACGATTTTTGGAGTGGTTATTATGGGGGGTATGGACGTCTGG;IGK:TGTCAACAGAGTTACAGTACCCCGTACACTTTT
clonotype40,1,0.0120481927711,IGH:CARGQIGGWSPYYYYGLDVW;IGK:CQQGYTNPFTF,IGH:TGTGCGAGAGGTCAAATAGGCGGATGGTCCCCGTATTATTACTACGGTTTGGACGTCTGG;IGK:TGTCAACAGGGTTACACTAACCCATTCACTTTC
clonotype41,1,0.0120481927711,IGH:CARGRNLGVVTKFNWFDPW;IGL:CAAWDDSLNGLVF,IGH:TGTGCGAGAGGCCGGAATCTTGGAGTGGTCACAAAATTCAACTGGTTCGACCCCTGG;IGL:TGTGCAGCATGGGATGACAGCCTGAATGGTCTGGTATTC
clonotype46,1,0.0120481927711,IGH:CAHKMGRGGGVDYW;IGK:CQQLSTDPITF,IGH:TGTGCACACAAAATGGGACGAGGGGGCGGCGTTGACTACTGG;IGK:TGTCAACAACTTAGTACTGACCCGATCACCTTC
clonotype21,1,0.0120481927711,IGH:CASPQPGSGWSNYYYYGMDVW;IGL:CSSYTSSSTSYVF,IGH:TGTGCGAGTCCCCAACCGGGCAGTGGCTGGTCAAACTACTACTACTACGGTATGGACGTCTGG;IGL:TGCAGCTCATATACAAGCAGCAGCACTTCTTATGTCTTC
clonotype22,1,0.0120481927711,IGH:CVKEITAAKNRRKSLGYFFDFW;IGK:CQQYNDWPPLTF,IGH:TGTGTAAAGGAGATAACAGCGGCCAAAAACCGCCGGAAGTCTTTGGGATACTTCTTTGACTTCTGG;IGK:TGTCAGCAGTATAATGACTGGCCTCCGCTCACTTTC
clonotype72,1,0.0120481927711,IGH:CASAWYYYDSSGYYPFDYW;IGK:CQQYGSSPWTF,IGH:TGTGCGAGTGCCTGGTATTACTATGATAGTAGTGGTTATTACCCCTTTGACTACTGG;IGK:TGTCAGCAGTATGGTAGCTCACCTTGGACGTTC
clonotype60,1,0.0120481927711,IGH:CARGPGYFDYW;IGK:CQQYDNLPRTF,IGH:TGTGCGAGAGGTCCGGGCTACTTTGACTACTGG;IGK:TGTCAACAGTATGATAATCTCCCTCGGACGTTC
clonotype61,1,0.0120481927711,IGH:CASHGVVVAATRGTPGSDYW;IGK:CQQSYSTLRTF,IGH:TGTGCGAGTCATGGGGTGGTGGTAGCTGCTACACGGGGGACTCCGGGGAGTGACTACTGG;IGK:TGTCAACAGAGTTACAGTACCCTCCGGACTTTT
clonotype48,1,0.0120481927711,IGH:CARYDYDITVDHW;IGK:CMQGLQPFTF,IGH:TGTGCGAGGTATGATTACGATATCACGGTTGACCACTGG;IGK:TGCATGCAAGGTCTACAACCATTCACTTTC
clonotype63,1,0.0120481927711,IGH:CARDTMGPLYYGMDVW;IGL:CQVWDSSTVVF,IGH:TGTGCGAGAGACACGATGGGCCCCCTCTACTACGGTATGGACGTCTGG;IGL:TGTCAGGTGTGGGACAGCAGCACTGTGGTATTC
clonotype64,1,0.0120481927711,IGH:CAKDLGELTDYW;IGL:CSSYTSSSTLVVVF,IGH:TGTGCGAAAGATCTTGGGGAGTTAACGGACTACTGG;IGL:TGCAGCTCATATACAAGCAGCAGCACTCTCGTTGTGGTATTC
clonotype62,1,0.0120481927711,IGH:CASTVPSSLRAGAFDIW;IGK:CQQYYSTPRTF,IGH:TGTGCGAGTACCGTTCCTAGCAGCTTAAGGGCCGGAGCTTTTGATATCTGG;IGK:TGTCAGCAATATTATAGTACTCCTCGGACGTTC
clonotype66,1,0.0120481927711,IGH:CAKDATGYFDWLPYYYYYYGMDVW;IGL:CLLYYGGAQLWVF,IGH:TGTGCGAAAGATGCGACCGGATATTTTGACTGGTTACCATATTACTACTACTACTACGGTATGGACGTCTGG;IGL:TGCCTGCTCTACTATGGTGGTGCTCAGCTTTGGGTGTTC
clonotype67,1,0.0120481927711,IGH:CTTDSPHMITFGGVIVFDYW;IGL:CAAWDDSLNGGVF,IGH:TGTACCACAGATTCGCCCCATATGATTACGTTTGGGGGAGTTATCGTTTTTGACTACTGG;IGL:TGTGCAGCATGGGATGACAGCCTGAATGGTGGGGTGTTC
clonotype49,1,0.0120481927711,IGH:CARAVDTAMVTNNWFDPW;IGK:CQQSYSTPFTF,IGH:TGTGCGAGAGCTGTGGATACAGCTATGGTTACAAACAACTGGTTCGACCCCTGG;IGK:TGTCAACAGAGTTACAGTACCCCATTCACTTTC
clonotype9,1,0.0120481927711,IGH:CAKDFSGGEVVVVAATDYW;IGK:CQQYYSYPRTF,IGH:TGTGCGAAAGATTTTTCAGGGGGAGAGGTAGTGGTGGTAGCTGCTACCGACTACTGG;IGK:TGTCAACAGTATTATAGTTACCCTCGGACGTTC
clonotype8,1,0.0120481927711,IGH:CARADVVVVAALDYW;IGK:CQQYYSTPITF,IGH:TGTGCGAGGGCGGACGTAGTGGTGGTAGCTGCACTTGACTACTGG;IGK:TGTCAGCAATATTATAGTACTCCGATCACCTTC
clonotype5,1,0.0120481927711,IGH:CTTEALDYGANSRSPNFDYW;IGL:CQAWDSSNVVF,IGH:TGTACCACAGAAGCTTTAGACTACGGTGCTAACTCGCGATCCCCGAACTTTGACTACTGG;IGL:TGTCAGGCGTGGGACAGCAGCAATGTGGTATTC
clonotype4,1,0.0120481927711,IGH:CAKAGDSSGYQKTYYFDYW;IGL:CQSADSSGTYGVF,IGH:TGTGCGAAAGCAGGCGATAGTAGTGGTTACCAAAAGACGTACTACTTTGACTACTGG;IGL:TGTCAATCAGCAGACAGCAGTGGTACTTATGGGGTGTTC
clonotype7,1,0.0120481927711,IGH:CASISMVRGEGGGYW;IGL:CQVWDSSSDHPVVF,IGH:TGTGCCAGCATCTCTATGGTTCGGGGAGAAGGGGGGGGCTACTGG;IGL:TGTCAGGTGTGGGATAGTAGTAGTGATCATCCGGTGGTATTC
clonotype6,1,0.0120481927711,IGH:CAKDTEVGASRYYYYYGMDVW;IGK:CQQYGSSPPFTF,IGH:TGTGCGAAAGATACTGAAGTGGGAGCGAGCCGATACTACTACTACTACGGTATGGACGTCTGG;IGK:TGTCAGCAGTATGGTAGCTCACCTCCATTCACTTTC
clonotype58,1,0.0120481927711,IGH:CAKDRASYYNFPIDPW;IGK:CQQYYSTPFTF,IGH:TGTGCGAAAGATCGGGCGAGTTATTATAACTTCCCAATCGACCCCTGG;IGK:TGTCAGCAATATTATAGTACTCCATTCACTTTC
clonotype29,1,0.0120481927711,IGH:CARDSEGEPSAGDAFDIW;IGK:CQQSYSTPWTF,IGH:TGTGCGAGAGATTCGGAAGGGGAGCCCTCAGCCGGGGATGCTTTTGATATCTGG;IGK:TGTCAACAGAGTTACAGTACCCCGTGGACGTTC
clonotype11,1,0.0120481927711,IGH:CARDRWVVAAYYYGMDVW;IGL:CAIWYSSTWVF,IGH:TGTGCGAGAGATCGATGGGTGGTAGCTGCATACTACTACGGTATGGACGTCTGG;IGL:TGTGCCATTTGGTACAGCAGCACTTGGGTGTTC
clonotype74,1,0.0120481927711,IGH:CAREDLLWFGERWAKNSFDPW;IGK:CMQALQTPITF,IGH:TGTGCGAGAGAAGATTTACTATGGTTCGGGGAGCGGTGGGCCAAGAACTCGTTCGACCCCTGG;IGK:TGCATGCAAGCTCTACAAACTCCGATCACCTTC
clonotype53,1,0.0120481927711,IGH:CARVAAVRSGRVNYYYYYGMDVW;IGL:CQSADSSGTYKVVF,IGH:TGTGCGAGAGTCGCGGCCGTTCGTTCGGGGAGGGTGAATTACTACTACTACTACGGTATGGACGTCTGG;IGL:TGTCAATCAGCAGACAGCAGTGGTACTTATAAGGTGGTATTC
clonotype28,1,0.0120481927711,IGH:CARDRRGEHNFDYW;IGK:CQQRSNWPPGTF,IGH:TGTGCGAGAGATCGGAGGGGTGAACACAACTTTGACTACTGG;IGK:TGTCAGCAGCGTAGCAACTGGCCTCCGGGCACTTTC
clonotype3,1,0.0120481927711,IGH:CARRYYDSSGYSANFDYW;IGL:CQTWGTGIYVF,IGH:TGTGCGAGACGTTACTATGATAGTAGTGGTTATTCCGCAAACTTTGACTACTGG;IGL:TGTCAGACCTGGGGCACTGGCATTTATGTCTTC
clonotype24,1,0.0120481927711,IGH:CARKGIAVRGGIDYW;IGL:CLLYYGGAWVF,IGH:TGTGCGAGAAAGGGTATAGCAGTGCGGGGGGGTATTGACTACTGG;IGL:TGCCTGCTCTACTATGGTGGTGCTTGGGTGTTC
clonotype19,1,0.0120481927711,IGH:CAKANLAGVVAAIGIDYW;IGL:CAAWDDSLSGVVF,IGH:TGTGCGAAAGCCAACTTGGCCGGGGTGGTAGCTGCTATAGGGATTGACTACTGG;IGL:TGTGCAGCATGGGATGACAGCCTGAGTGGTGTGGTATTC
clonotype18,1,0.0120481927711,IGH:CAAIAVYVYW;IGK:CQQYNSYPLTF,IGH:TGTGCGGCAATAGCAGTGTATGTCTACTGG;IGK:TGCCAACAGTATAATAGTTACCCTCTCACTTTC
clonotype57,1,0.0120481927711,IGH:CARGTVTTGRGYFDLW;IGK:CQQYGSSPQVTF,IGH:TGTGCGAGAGGGACGGTGACTACGGGAAGGGGGTACTTCGATCTCTGG;IGK:TGTCAGCAGTATGGTAGCTCACCTCAGGTCACTTTC
clonotype20,1,0.0120481927711,IGH:CARGIQLWWWFDPW;IGK:CQQSYSTPCTF,IGH:TGTGCGAGAGGGATACAGCTATGGTGGTGGTTCGACCCCTGG;IGK:TGTCAACAGAGTTACAGTACCCCGTGCACCTTC
clonotype43,1,0.0120481927711,IGH:CARDLGATDYW;IGL:CCSYAGSSTPYVF,IGH:TGTGCGAGAGACCTGGGAGCTACAGACTACTGG;IGL:TGCTGCTCATATGCAGGTAGTAGCACTCCTTATGTCTTC
clonotype10,1,0.0120481927711,IGH:CARTGVTTVTTFPYW;IGK:CQQSYSTPGTF,IGH:TGTGCGAGAACGGGGGTGACTACGGTGACTACGTTCCCCTACTGG;IGK:TGTCAACAGAGTTACAGTACCCCGGGGACTTTT
clonotype13,1,0.0120481927711,IGH:CVGVGYNYRRDGAFDIW;IGK:CQQYGSSPQITF,IGH:TGTGTAGGAGTTGGCTACAATTACAGGAGGGATGGAGCTTTTGATATCTGG;IGK:TGTCAGCAGTATGGTAGCTCACCTCAGATCACCTTC
clonotype12,1,0.0120481927711,IGH:CARDPMVRGVNYGMDVW;IGK:CMQALQTPRTF,IGH:TGTGCGAGAGATCCGATGGTTCGGGGAGTCAACTACGGTATGGACGTCTGG;IGK:TGCATGCAAGCTCTACAAACTCCTCGGACGTTC
clonotype15,1,0.0120481927711,IGH:CARSKGCSGGSCYHNWFDPW;IGK:CQQSYSTPYTF,IGH:TGTGCGAGGTCTAAAGGGTGTAGTGGTGGTAGCTGCTACCACAACTGGTTCGACCCCTGG;IGK:TGTCAACAGAGTTACAGTACCCCCTACACTTTT
clonotype14,1,0.0120481927711,IGH:CARETGYSSGWYEATGMDVW;IGL:CNSRDSSGNHLVF,IGH:TGTGCGAGAGAGACCGGGTATAGCAGTGGCTGGTACGAAGCTACCGGTATGGACGTCTGG;IGL:TGTAACTCCCGGGACAGCAGTGGTAACCATCTGGTATTC
clonotype17,1,0.0120481927711,IGH:CAKPEAGQWLHVHHNHYGLDVW;IGL:CQSFDNSLSGSVF,IGH:TGTGCGAAGCCGGAGGCTGGGCAGTGGCTGCATGTTCACCACAACCACTACGGACTGGACGTCTGG;IGL:TGCCAGTCCTTTGACAACAGTCTCAGTGGTTCAGTGTTC
clonotype16,1,0.0120481927711,IGH:CARDRYYYGSGRHRGSYYYYGMDVW;IGL:CAAWDDSLNGWVF,IGH:TGTGCGAGAGATCGGTACTACTATGGTTCGGGGAGACATAGAGGGAGCTACTACTACTACGGTATGGACGTCTGG;IGL:TGTGCAGCATGGGATGACAGCCTGAATGGGTGGGTGTTC
clonotype37,1,0.0120481927711,IGH:CAHHGSARYSSSWHAAPGPYYFDYW;IGL:CQVWDSRAYVF,IGH:TGTGCACACCATGGATCAGCCCGGTATAGCAGCAGCTGGCACGCCGCACCCGGCCCATACTACTTTGACTACTGG;IGL:TGTCAGGTGTGGGATAGTAGGGCTTATGTCTTC
clonotype36,1,0.0120481927711,IGH:CAHRRYYYVAFDYW;IGK:CQQYYSTPLTF,IGH:TGTGCACACAGACGATACTACTACGTAGCCTTTGACTACTGG;IGK:TGTCAGCAATATTATAGTACTCCCCTCACTTTC
clonotype79,1,0.0120481927711,IGH:CARHEVPEMATIRGWFDPW;IGK:CQQYGSSLFTF,IGH:TGTGCGAGACATGAGGTCCCAGAGATGGCTACAATTAGGGGCTGGTTCGACCCCTGG;IGK:TGTCAGCAGTATGGTAGCTCACTTTTCACTTTC
clonotype78,1,0.0120481927711,IGH:CARDRVVGATLYYYYYGMDVW;IGL:CQAWDSSSVVF,IGH:TGTGCGAGAGATCGAGTAGTGGGAGCTACTCTTTACTACTACTACTACGGTATGGACGTCTGG;IGL:TGTCAGGCGTGGGACAGCAGCTCGGTGGTATTC
clonotype33,1,0.0120481927711,IGH:CAKDPDYW;IGK:CQQRSNWPTF,IGH:TGTGCGAAAGATCCGGACTACTGG;IGK:TGTCAGCAGCGTAGCAACTGGCCCACTTTC
clonotype32,1,0.0120481927711,IGH:CAGGQGWGGSYFDYW;IGK:CMQALQIPYTF,IGH:TGTGCGGGGGGCCAGGGGTGGGGTGGTTCATACTTTGACTACTGG;IGK:TGCATGCAAGCTCTACAAATTCCGTACACTTTT
clonotype31,1,0.0120481927711,IGH:CARGGWWELPYYYYYGMDVW;IGK:CMQALQTRNTF,IGH:TGTGCGAGAGGCGGGTGGTGGGAGCTGCCTTACTACTACTACTACGGTATGGACGTCTGG;IGK:TGCATGCAAGCTCTACAAACTCGGAACACTTTT
clonotype30,1,0.0120481927711,IGH:CAKVLLDYYYGMDVW;IGL:CSSYTSSSTLVVF,IGH:TGTGCGAAAGTGCTATTGGACTACTACTACGGTATGGACGTCTGG;IGL:TGCAGCTCATATACAAGCAGCAGCACTCTCGTTGTATTC
clonotype73,1,0.0120481927711,IGH:CARDQGDITMVRGVIKVYYYGMDVW;IGH:CVKDRSSRQLKAVGTYFDCW;IGK:CMQALQTPLTF;IGL:CTSYTSSSTSYVF,IGH:TGTGCGAGAGATCAGGGAGACATTACTATGGTTCGGGGAGTGATTAAAGTTTACTACTACGGTATGGACGTCTGG;IGH:TGTGTGAAAGATCGAAGCTCCCGCCAACTGAAGGCGGTAGGTACCTACTTTGACTGCTGG;IGK:TGCATGCAAGCTCTACAAACTCCGCTCACTTTC;IGL:TGCACCTCATATACAAGCAGCAGCACTTCTTATGTCTTC
clonotype54,1,0.0120481927711,IGH:CASIAVAGYFNYW;IGK:CQQYYSTPFTF,IGH:TGTGCTAGTATAGCAGTGGCTGGTTATTTTAACTACTGG;IGK:TGTCAACAATATTATAGTACTCCATTCACTTTC
clonotype71,1,0.0120481927711,IGH:CTTISCSGTCYHDYW;IGK:CQQSYSPPATF,IGH:TGTACGACTATAAGTTGTAGTGGGACCTGCTATCATGACTACTGG;IGK:TGTCAACAGAGTTACAGTCCGCCAGCCACTTTC
clonotype70,1,0.0120481927711,IGH:CAKDLLSIYGSPSDYW;IGK:CQPYYGAPPYTF,IGH:TGTGCGAAAGATCTCCTATCCATCTATGGTTCCCCGTCTGACTACTGG;IGK:TGTCAGCCATATTATGGTGCTCCTCCGTACACTTTT
clonotype77,1,0.0120481927711,IGH:CARAVLRFLEWFSNWFDPW;IGL:CSSYTSSSTHVF,IGH:TGTGCGAGAGCAGTATTACGATTTTTGGAGTGGTTCTCTAACTGGTTCGACCCCTGG;IGL:TGCAGCTCATATACAAGCAGCAGCACTCATGTCTTC
clonotype50,1,0.0120481927711,IGH:CATEDTARDLYRAAFDIW;IGK:CQQYNGWTF,IGH:TGTGCGACCGAGGATACAGCTAGGGATCTCTATCGAGCTGCTTTTGATATCTGG;IGK:TGCCAACAGTATAATGGGTGGACGTTC
clonotype39,1,0.0120481927711,IGH:CARDFTEDGYNFDWRMLPDYW;IGK:CQQRSNWPPITF,IGH:TGTGCGAGAGATTTTACCGAAGATGGCTACAATTTTGATTGGAGAATGTTGCCAGACTACTGG;IGK:TGTCAGCAGCGTAGCAACTGGCCTCCGATCACCTTC
clonotype38,1,0.0120481927711,IGH:CATEHRGRNYYDSSGYYFDYW;IGK:CQQYDNLPYTF,IGH:TGTGCAACAGAGCACCGAGGGCGAAATTACTATGATAGTAGTGGTTATTATTTTGACTACTGG;IGK:TGTCAACAGTATGATAATCTCCCCTACACTTTT
clonotype42,1,0.0120481927711,IGH:CARDGPYSGSYYGDAFDIW;IGK:CQQSYSTPRTF,IGH:TGTGCGAGAGATGGGCCGTATAGTGGGAGCTACTACGGAGATGCTTTTGATATCTGG;IGK:TGTCAACAGAGTTACAGTACCCCTAGAACTTTC
clonotype56,1,0.0120481927711,IGH:CASFVDTAMAIPLDYWYFDLW;IGK:CQQYNNWPPWTF,IGH:TGTGCGAGCTTCGTGGATACAGCTATGGCGATACCACTGGACTACTGGTACTTCGATCTCTGG;IGK:TGTCAGCAGTATAATAACTGGCCTCCGTGGACGTTC
clonotype52,1,0.0120481927711,IGH:CARGWSIVVVVAATFPNWFDPW;IGK:CQQRSNWPPTF,IGH:TGTGCGAGAGGATGGTCGATTGTAGTGGTGGTAGCTGCTACCTTCCCCAACTGGTTCGACCCCTGG;IGK:TGTCAGCAGCGTAGCAACTGGCCTCCCACTTTC
clonotype25,1,0.0120481927711,IGH:CARDVSDGYNYEAWVDYW;IGK:CQQSYSTLWTF,IGH:TGTGCGAGAGATGTTTCGGATGGCTACAATTATGAGGCTTGGGTTGACTACTGG;IGK:TGTCAACAGAGTTACAGTACCCTTTGGACGTTC
clonotype26,1,0.0120481927711,IGH:CANGPPINYGDYEDAFDIW;IGK:CQQYNSYPLTF,IGH:TGTGCGAACGGACCACCTATAAACTACGGTGACTACGAGGATGCTTTTGATATCTGG;IGK:TGCCAACAGTATAATAGTTACCCTCTCACTTTC
clonotype2,1,0.0120481927711,IGH:CARENYDFWSGYYHGADVW;IGL:CMIWHSSAWVF,IGH:TGTGCGAGAGAAAATTACGATTTTTGGAGTGGTTATTACCACGGTGCGGACGTCTGG;IGL:TGTATGATTTGGCACAGCAGCGCTTGGGTGTTC
clonotype34,1,0.0120481927711,IGH:CARVLDVW;IGK:CQQYNSYWTF,IGH:TGTGCGAGAGTGCTGGACGTCTGG;IGK:TGCCAACAGTATAATAGTTATTGGACGTTC
clonotype82,1,0.0120481927711,IGH:CAHSDYYEGRGMDVW;IGK:CQQYYSTPYTF,IGH:TGTGCACACAGCGACTACTATGAGGGGCGCGGTATGGACGTCTGG;IGK:TGTCAGCAATATTATAGTACTCCGTACACTTTT
clonotype80,1,0.0120481927711,IGH:CARDRGSGTEPDFDYW;IGK:CMQATQFPLTF,IGH:TGTGCGAGAGATCGAGGGTCAGGAACGGAGCCTGACTTTGACTACTGG;IGK:TGCATGCAAGCTACACAATTTCCGCTCACTTTC
clonotype81,1,0.0120481927711,IGH:CARVFGSVGATRSTDYW;IGK:CQQYITDPFTF,IGH:TGTGCGAGAGTTTTTGGGTCGGTGGGAGCTACTCGTTCTACGGACTACTGG;IGK:TGCCAACAATACATTACTGACCCGTTCACTTTT
clonotype35,1,0.0120481927711,IGH:CAREKWELPPPPYYFDYW;IGL:CCSYAGSYTVVF,IGH:TGTGCGAGAGAGAAGTGGGAGCTACCTCCTCCCCCTTACTACTTTGACTACTGG;IGL:TGCTGCTCATATGCAGGCAGCTACACTGTGGTATTC
clonotype59,1,0.0120481927711,IGH:CAQTKLGIFGGMDVW;IGK:CQQSYSTPYTF,IGH:TGTGCGCAAACGAAGTTGGGCATCTTCGGCGGTATGGACGTCTGG;IGK:TGTCAACAGAGTTACAGTACCCCCTACACTTTT
clonotype76,1,0.0120481927711,IGH:CARDKVVGARNWFDPW;IGK:CQQSYSTPSF,IGH:TGTGCGAGAGATAAGGTAGTGGGAGCTCGCAACTGGTTCGACCCCTGG;IGK:TGTCAACAGAGTTACAGTACCCCTTCTTTC
clonotype45,1,0.0120481927711,IGH:CAKDGGLDYALYWYFDLW;IGK:CQQYNSLYTF,IGH:TGTGCGAAAGACGGAGGGTTGGACTACGCTCTCTACTGGTACTTCGATCTCTGG;IGK:TGCCAACAGTATAATAGTTTGTACACTTTT
clonotype47,1,0.0120481927711,IGH:CTRDPHYGDHVPHNWFDPW;IGK:CQQSYRSPYTF,IGH:TGTACGAGAGACCCCCACTACGGTGATCACGTCCCCCACAACTGGTTCGACCCCTGG;IGK:TGTCAACAGAGTTACAGATCCCCGTACACTTTT
